{
  "summary": {
    "roc_auc": 0.9625688774017088,
    "pr_auc": 0.67701492475009,
    "f1_at_best_threshold": 0.8156424581000605,
    "best_threshold": 0.95,
    "precision_at_best_threshold": 0.8690476190476191,
    "recall_at_best_threshold": 0.7684210526315789,
    "train_samples": 226980,
    "test_samples": 56746,
    "fraud_rate_train": 0.0016653449643140364,
    "fraud_rate_test": 0.0016741268107003137
  },
  "threshold_details": {
    "raw_best_threshold": 0.9999912604959376,
    "used_threshold": 0.95,
    "guardrail": "clip_to_[0.05,0.95]"
  },
  "classification_report": {
    "0": {
      "precision": 0.9996641329326498,
      "recall": 0.9982348060934494,
      "f1-score": 0.99894895823213,
      "support": 56651.0
    },
    "1": {
      "precision": 0.4318181818181818,
      "recall": 0.8,
      "f1-score": 0.5608856088560885,
      "support": 95.0
    },
    "accuracy": 0.9979029358897543,
    "macro avg": {
      "precision": 0.7157411573754158,
      "recall": 0.8991174030467247,
      "f1-score": 0.7799172835441093,
      "support": 56746.0
    },
    "weighted avg": {
      "precision": 0.9987134868015414,
      "recall": 0.9979029358897543,
      "f1-score": 0.9982155846341544,
      "support": 56746.0
    }
  }
}